<?xml version="1.0" encoding="UTF-8"?>
<jcr:root xmlns:sling="http://sling.apache.org/jcr/sling/1.0" xmlns:cq="http://www.day.com/jcr/cq/1.0" xmlns:jcr="http://www.jcp.org/jcr/1.0" xmlns:nt="http://www.jcp.org/jcr/nt/1.0"
    jcr:primaryType="nt:unstructured"
    jcr:title="Header"
    sling:resourceType="cq/gui/components/authoring/dialog">
    <content
        jcr:primaryType="nt:unstructured"
        sling:resourceType="granite/ui/components/coral/foundation/tabs">
        <items jcr:primaryType="nt:unstructured">
            <menuItems
                jcr:primaryType="nt:unstructured"
                jcr:title="Header Menu Items"
                sling:resourceType="granite/ui/components/coral/foundation/fixedcolumns">
                <items jcr:primaryType="nt:unstructured">
                    <columns
                        jcr:primaryType="nt:unstructured"
                        sling:resourceType="granite/ui/components/coral/foundation/container">
                        <items jcr:primaryType="nt:unstructured">
                            <leftMenuItems
                                jcr:primaryType="nt:unstructured"
                                jcr:title="ui.menu.left.label"
                                sling:resourceType="granite/ui/components/coral/foundation/container"
                                margin="{Boolean}true"
                                max="3"
                                min="1">
                                <items jcr:primaryType="nt:unstructured">
                                    <leftmenu
                                        jcr:primaryType="nt:unstructured"
                                        sling:resourceType="granite/ui/components/foundation/form/multifield"
                                        class="full-width"
                                        fieldLabel="ui.menu.left.label"
                                        max="3"
                                        min="1">
                                        <field
                                            jcr:primaryType="nt:unstructured"
                                            sling:resourceType="granite/ui/components/foundation/form/fieldset"
                                            acs-commons-nested=""
                                            name="./leftmenu">
                                            <layout
                                                jcr:primaryType="nt:unstructured"
                                                sling:resourceType="granite/ui/components/foundation/layouts/fixedcolumns"
                                                method="absolute"/>
                                            <items jcr:primaryType="nt:unstructured">
                                                <column
                                                    jcr:primaryType="nt:unstructured"
                                                    sling:resourceType="granite/ui/components/foundation/container">
                                                    <items jcr:primaryType="nt:unstructured">
                                                        <type
                                                            jcr:primaryType="nt:unstructured"
                                                            sling:resourceType="granite/ui/components/foundation/form/select"
                                                            fieldLabel="ui.menu.type.label"
                                                            name="./menuType">
                                                            <items jcr:primaryType="nt:unstructured">
                                                                <icon
                                                                    jcr:primaryType="nt:unstructured"
                                                                    text="Icon"
                                                                    value="icon"/>
                                                                <text
                                                                    jcr:primaryType="nt:unstructured"
                                                                    text="Text"
                                                                    value="text"/>
                                                            </items>
                                                        </type>
                                                        <buttonText
                                                            jcr:primaryType="nt:unstructured"
                                                            sling:resourceType="granite/ui/components/foundation/form/textfield"
                                                            name="./menuLabelText"/>
                                                        <buttonIcon
                                                            jcr:primaryType="nt:unstructured"
                                                            sling:resourceType="granite/ui/components/foundation/form/pathbrowser"
                                                            name="./menuLabelIcon"
                                                            rootPath="/content/dam"/>
                                                        <buttonLink
                                                            jcr:primaryType="nt:unstructured"
                                                            sling:resourceType="granite/ui/components/foundation/form/pathbrowser"
                                                            defaultValue="http://www.manulife.com"
                                                            fieldDescription="ui.menu.link.desc"
                                                            fieldLabel="ui.menu.link.label"
                                                            name="./menuLink"
                                                            rootPath="/content"
                                                            value="http://www.manulife.com"/>
                                                        <searchLink
                                                            jcr:primaryType="nt:unstructured"
                                                            sling:resourceType="granite/ui/components/foundation/form/pathbrowser"
                                                            defaultValue="http://www.manulife.com"
                                                            fieldDescription="Provide Search Results Link"
                                                            fieldLabel="Search Results Url"
                                                            name="./searchLink"
                                                            rootPath="/content"
                                                            value="http://www.manulife.com"/>
                                                        <showHideContainer
                                                            jcr:primaryType="nt:unstructured"
                                                            sling:resourceType="granite/ui/components/foundation/form/hidden"
                                                            class="hidden button-option-enable-showhide-target"
                                                            showhidetargetvalue="true">
                                                            <items jcr:primaryType="nt:unstructured">
                                                                <buttonText
                                                                    jcr:primaryType="nt:unstructured"
                                                                    sling:resourceType="granite/ui/components/foundation/form/textfield"
                                                                    name="./menuLabelText"/>
                                                                <buttonIcon
                                                                    jcr:primaryType="nt:unstructured"
                                                                    sling:resourceType="granite/ui/components/foundation/form/pathbrowser"
                                                                    name="./menuLabelIcon"
                                                                    rootPath="/content/dam"/>
                                                            </items>
                                                        </showHideContainer>
                                                    </items>
                                                </column>
                                            </items>
                                        </field>
                                    </leftmenu>
                                </items>
                            </leftMenuItems>
                            <rightMenuItems
                                jcr:primaryType="nt:unstructured"
                                jcr:title="ui.menu.right.label"
                                sling:resourceType="granite/ui/components/coral/foundation/container"
                                margin="{Boolean}true"
                                max="3"
                                min="1">
                                <items jcr:primaryType="nt:unstructured">
                                    <rightmenu
                                        jcr:primaryType="nt:unstructured"
                                        sling:resourceType="granite/ui/components/foundation/form/multifield"
                                        class="full-width"
                                        fieldLabel="ui.menu.right.label"
                                        max="3"
                                        min="1">
                                        <field
                                            jcr:primaryType="nt:unstructured"
                                            sling:resourceType="granite/ui/components/foundation/form/fieldset"
                                            acs-commons-nested=""
                                            name="./rightmenu">
                                            <layout
                                                jcr:primaryType="nt:unstructured"
                                                sling:resourceType="granite/ui/components/foundation/layouts/fixedcolumns"
                                                method="absolute"/>
                                            <items jcr:primaryType="nt:unstructured">
                                                <column
                                                    jcr:primaryType="nt:unstructured"
                                                    sling:resourceType="granite/ui/components/foundation/container">
                                                    <items jcr:primaryType="nt:unstructured">
                                                        <buttonIcon
                                                            jcr:primaryType="nt:unstructured"
                                                            sling:resourceType="granite/ui/components/foundation/form/pathbrowser"
                                                            fieldLabel="ui.menu.header.icon.path.label"
                                                            name="./menuLabelIcon"
                                                            rootPath="/content/dam"/>
                                                        <buttonLink
                                                            jcr:primaryType="nt:unstructured"
                                                            sling:resourceType="granite/ui/components/foundation/form/pathbrowser"
                                                            defaultValue="http://www.manulife.com"
                                                            fieldDescription="ui.menu.link.desc"
                                                            fieldLabel="ui.menu.link.label"
                                                            name="./menuLink"
                                                            rootPath="/content"
                                                            value="http://www.manulife.com"/>
                                                        <buttonText
                                                            jcr:primaryType="nt:unstructured"
                                                            sling:resourceType="granite/ui/components/foundation/form/textfield"
                                                            fieldLabel="ui.menu.aria.label"
                                                            name="./menuLabelText"/>
                                                    </items>
                                                </column>
                                            </items>
                                        </field>
                                    </rightmenu>
                                </items>
                            </rightMenuItems>
                            <menus
                                jcr:primaryType="nt:unstructured"
                                jcr:title="Navigation Menu Items"
                                sling:resourceType="granite/ui/components/coral/foundation/container"
                                margin="{Boolean}true"
                                max="5"
                                min="1">
                                <items jcr:primaryType="nt:unstructured">
                                    <leftmenu
                                        jcr:primaryType="nt:unstructured"
                                        sling:resourceType="granite/ui/components/foundation/form/multifield"
                                        class="full-width"
                                        fieldLabel="Navigation menu items"
                                        min="1">
                                        <field
                                            jcr:primaryType="nt:unstructured"
                                            sling:resourceType="granite/ui/components/foundation/form/fieldset"
                                            acs-commons-nested=""
                                            name="./menus">
                                            <layout
                                                jcr:primaryType="nt:unstructured"
                                                sling:resourceType="granite/ui/components/foundation/layouts/fixedcolumns"
                                                method="absolute"/>
                                            <items jcr:primaryType="nt:unstructured">
                                                <column
                                                    jcr:primaryType="nt:unstructured"
                                                    sling:resourceType="granite/ui/components/foundation/container">
                                                    <items jcr:primaryType="nt:unstructured">
                                                        <menuname
                                                            jcr:primaryType="nt:unstructured"
                                                            sling:resourceType="granite/ui/components/foundation/form/textfield"
                                                            fieldLabel="Provide Menu name (should be unique)"
                                                            name="./menuname"
                                                            rootPath="/content"/>
                                                        <logoLink
                                                            jcr:primaryType="nt:unstructured"
                                                            sling:resourceType="granite/ui/components/foundation/form/pathbrowser"
                                                            fieldLabel="Provide Logo Link"
                                                            name="./logoLink"
                                                            rootPath="/content"/>
                                                        <menuLink
                                                            jcr:primaryType="nt:unstructured"
                                                            sling:resourceType="granite/ui/components/foundation/form/pathbrowser"
                                                            fieldDescription="ui.menu.link.desc"
                                                            fieldLabel="ui.menu.link.label"
                                                            name="./menuLink"
                                                            rootPath="/content"/>
                                                    </items>
                                                </column>
                                            </items>
                                        </field>
                                    </leftmenu>
                                </items>
                            </menus>
                        </items>
                    </columns>
                </items>
            </menuItems>
            <General
                jcr:primaryType="nt:unstructured"
                jcr:title="General"
                sling:resourceType="granite/ui/components/coral/foundation/fixedcolumns">
                <items jcr:primaryType="nt:unstructured">
                    <columns
                        jcr:primaryType="nt:unstructured"
                        sling:resourceType="granite/ui/components/coral/foundation/container">
                        <items jcr:primaryType="nt:unstructured">
                            <search
                                jcr:primaryType="nt:unstructured"
                                jcr:title="ui.menu.header.search.config.label"
                                sling:resourceType="granite/ui/components/coral/foundation/container"
                                margin="{Boolean}true">
                                <items jcr:primaryType="nt:unstructured">
                                    <searchLabel
                                        jcr:primaryType="nt:unstructured"
                                        sling:resourceType="granite/ui/components/foundation/form/textfield"
                                        fieldLabel="ui.menu.search.label"
                                        name="./searchLabel"/>
                                    <buttonLink
                                        jcr:primaryType="nt:unstructured"
                                        sling:resourceType="granite/ui/components/foundation/form/pathbrowser"
                                        fieldDescription="ui.menu.searchlink.tooltip"
                                        fieldLabel="ui.menu.searchlink"
                                        name="./searchLink"
                                        rootPath="/content"/>
                                </items>
                            </search>
                            <contactUs
                                jcr:primaryType="nt:unstructured"
                                sling:resourceType="granite/ui/components/foundation/form/textfield"
                                defaultValue="Contact us"
                                fieldLabel="Provide Contact us label for Mobile"
                                name="./contactus"/>
                            <contactUsLink
                                jcr:primaryType="nt:unstructured"
                                sling:resourceType="granite/ui/components/foundation/form/pathbrowser"
                                fieldLabel="Provide Contact us link for Mobile"
                                name="./contactUsLink"
                                rootPath="/content"/>
                        </items>
                    </columns>
                </items>
            </General>
        </items>
    </content>
</jcr:root>
