<?xml version="1.0" encoding="UTF-8"?>
<jcr:root xmlns:sling="http://sling.apache.org/jcr/sling/1.0" xmlns:cq="http://www.day.com/jcr/cq/1.0" xmlns:jcr="http://www.jcp.org/jcr/1.0" xmlns:nt="http://www.jcp.org/jcr/nt/1.0"
    jcr:primaryType="nt:unstructured"
    jcr:title="Page"
    sling:resourceType="cq/gui/components/authoring/dialog"
    mode="edit">
    <content
        jcr:primaryType="nt:unstructured"
        sling:resourceType="granite/ui/components/foundation/container"
        class="cq-dialog-content-page">
        <items jcr:primaryType="nt:unstructured">
            <tabs
                jcr:primaryType="nt:unstructured"
                sling:resourceType="granite/ui/components/foundation/container"
                rel="cq-siteadmin-admin-properties-tabs">
                <layout
                    jcr:primaryType="nt:unstructured"
                    sling:resourceType="granite/ui/components/foundation/layouts/tabs"
                    type="nav"/>
                <items jcr:primaryType="nt:unstructured">
                    <sliderNote
                        jcr:primaryType="nt:unstructured"
                        jcr:title="Slider Note"
                        sling:resourceType="granite/ui/components/foundation/section">
                        <layout
                            jcr:primaryType="nt:unstructured"
                            sling:resourceType="granite/ui/components/foundation/layouts/fixedcolumns"
                            margin="{Boolean}false"/>
                        <items jcr:primaryType="nt:unstructured">
                            <column
                                jcr:primaryType="nt:unstructured"
                                sling:resourceType="granite/ui/components/foundation/container">
                                <items jcr:primaryType="nt:unstructured">
                                    <slidernote
                                        jcr:primaryType="nt:unstructured"
                                        sling:resourceType="granite/ui/components/foundation/form/pathbrowser"
                                        fieldLabel="Select slider note image"
                                        name="./sliderNoteImage"
                                        rootpath="/content/dam"/>
                                    <slidernotetext
                                        jcr:primaryType="nt:unstructured"
                                        sling:resourceType="granite/ui/components/foundation/form/textfield"
                                        fieldLabel="Enter slider note text"
                                        name="./sliderNoteText"/>
                                    <sliderUrl
                                        jcr:primaryType="nt:unstructured"
                                        sling:resourceType="granite/ui/components/foundation/form/pathbrowser"
                                        fieldLabel="Select slider URL"
                                        name="./sliderNoteURL"
                                        rootpath="/content"/>
                                    <slidernotearialabel
                                        jcr:primaryType="nt:unstructured"
                                        sling:resourceType="granite/ui/components/foundation/form/textfield"
                                        fieldLabel="Enter Image Aria Label"
                                        name="./sliderNoteAriaLabel"/>
                                    <isTab
                                        jcr:primaryType="nt:unstructured"
                                        sling:resourceType="granite/ui/components/foundation/form/checkbox"
                                        name="./isOpensIntab"
                                        text="Opens in New Tab"
                                        value="true"/>
                                </items>
                            </column>
                        </items>
                    </sliderNote>
                    <emergencymsg
                        jcr:primaryType="nt:unstructured"
                        jcr:title="ui.emergency.messages"
                        sling:resourceType="granite/ui/components/foundation/section">
                        <layout
                            jcr:primaryType="nt:unstructured"
                            sling:resourceType="granite/ui/components/foundation/layouts/fixedcolumns"
                            margin="{Boolean}false"/>
                        <items jcr:primaryType="nt:unstructured">
                            <column
                                jcr:primaryType="nt:unstructured"
                                sling:resourceType="granite/ui/components/foundation/container">
                                <items jcr:primaryType="nt:unstructured">
                                    <emergencyMsg1
                                        cq:showOnCreate="{Boolean}false"
                                        jcr:primaryType="nt:unstructured"
                                        sling:resourceType="manulife-global/components/content/rich-text/authoring"
                                        cq-msm-lockable="emergencyMessage1"
                                        fieldDescription="ui.emergency.messages.alertMsgDescription"
                                        fieldLabel="ui.emergency.messages.alertMsg1"
                                        name="./emergencyMessage1"
                                        removeSingleParagraphContainer="{Boolean}true"
                                        useFixedInlineToolbar="{Boolean}true"/>
                                    <emergencyMsg2
                                        cq:showOnCreate="{Boolean}false"
                                        jcr:primaryType="nt:unstructured"
                                        sling:resourceType="manulife-global/components/content/rich-text/authoring"
                                        cq-msm-lockable="emergencyMessage2"
                                        fieldDescription="ui.emergency.messages.alertMsgDescription"
                                        fieldLabel="ui.emergency.messages.alertMsg2"
                                        name="./emergencyMessage2"
                                        removeSingleParagraphContainer="{Boolean}true"
                                        useFixedInlineToolbar="{Boolean}true"/>
                                </items>
                            </column>
                        </items>
                    </emergencymsg>
                </items>
            </tabs>
        </items>
    </content>
</jcr:root>
