<?xml version="1.0" encoding="UTF-8"?>
<jcr:root xmlns:sling="http://sling.apache.org/jcr/sling/1.0" xmlns:cq="http://www.day.com/jcr/cq/1.0" xmlns:jcr="http://www.jcp.org/jcr/1.0" xmlns:nt="http://www.jcp.org/jcr/nt/1.0"
    jcr:primaryType="cq:Page">
    <jcr:content
        cq:lastModified="{Date}2019-12-10T05:38:41.529-05:00"
        cq:lastModifiedBy="admin"
        cq:template="/apps/manulife-global/templates/grid_B"
        jcr:primaryType="cq:PageContent"
        jcr:title="ENGLISH"
        sling:resourceType="/apps/manulife-global/components/page/grid_B"
        advisorSubsection="none"
        articleType="text"
        businessType="none"
        changeFrequency="ui.icon.tab.select.value"
        chatButton="default"
        contentCategory="none"
        contentCategoryBK="none"
        contentCategoryCM="none"
        contentCategoryMca="none"
        contentType="none"
        contentTypeBK="none"
        contentTypeCM="none"
        contentTypeMca="none"
        homePageLevel="0"
        imageSelect="ui.icon.tab.select.value"
        isArticlePage="false"
        isnewtab8="false"
        lineOfBusiness="none"
        lineOfBusinessBK="none"
        lineOfBusinessCM="none"
        lineOfBusinessMca="none"
        localParentPageLevel="0"
        navMenuToOpenInNewwindow="false"
        opengrpahtype="website"
        priority="0.5"
        resourceCardType="pdf"
        sort="0"
        templateVariationType="default"
        textIsRich="[true,true]"
        twitterCardType="Summary"
        type="insurance">
        <header
            jcr:lastModified="{Date}2019-12-02T08:21:13.587-05:00"
            jcr:lastModifiedBy="admin"
            jcr:primaryType="nt:unstructured"
            sling:resourceType="cm-trip-b2c/components/structure/header"
            leftmenu="[{&quot;menuType&quot;:&quot;text&quot;\,&quot;menuLabelText&quot;:&quot;Personal&quot;\,&quot;menuLabelIcon&quot;:&quot;&quot;\,&quot;menuLink&quot;:&quot;/content/cm-trip/en_CA/personal&quot;\,&quot;searchLink&quot;:&quot;/content/consumer-portal/en_CA/personal/search-results&quot;},{&quot;menuType&quot;:&quot;text&quot;\,&quot;menuLabelText&quot;:&quot;Business&quot;\,&quot;menuLabelIcon&quot;:&quot;&quot;\,&quot;menuLink&quot;:&quot;/content/consumer-portal/en_CA/business&quot;\,&quot;searchLink&quot;:&quot;/content/consumer-portal/en_CA/business&quot;}]"
            menus="[{&quot;menuname&quot;:&quot;Personal&quot;\,&quot;logoLink&quot;:&quot;&quot;\,&quot;menuLink&quot;:&quot;/content/consumer-portal/en_CA/personal&quot;},{&quot;menuname&quot;:&quot;Business&quot;\,&quot;logoLink&quot;:&quot;&quot;\,&quot;menuLink&quot;:&quot;/content/consumer-portal/en_CA/business&quot;}]"
            rightmenu="\{&quot;menuLabelIcon&quot;:&quot;/content/dam/manulife-bank/en_ca/icons/functional/icon-contact.svg&quot;,&quot;menuLink&quot;:&quot;/content/consumer-portal/en_CA/personal/support/contact-us.html&quot;,&quot;menuLabelText&quot;:&quot;&quot;}"/>
        <nav
            jcr:lastModified="{Date}2019-11-29T02:26:16.316-05:00"
            jcr:lastModifiedBy="admin"
            jcr:primaryType="nt:unstructured"
            sling:resourceType="manulife-global/components/common/navmenu"
            alttext="manulife"
            label="Manulife"
            logo="/content/dam/consumer-portal/logo/en/manulife-home-100.svg"
            menus="[{&quot;menuname&quot;:&quot;Personal&quot;\,&quot;logoLink&quot;:&quot;/content/consumer-portal/en_CA/personal&quot;\,&quot;menuLink&quot;:&quot;/content/consumer-portal/en_CA/personal&quot;},{&quot;menuname&quot;:&quot;Business&quot;\,&quot;logoLink&quot;:&quot;/content/consumer-portal/en_CA/business&quot;\,&quot;menuLink&quot;:&quot;/content/consumer-portal/en_CA/business&quot;},{&quot;menuname&quot;:&quot;Advisors&quot;\,&quot;logoLink&quot;:&quot;/content/consumer-portal/en_CA/advisors&quot;\,&quot;menuLink&quot;:&quot;/content/consumer-portal/en_CA/advisors&quot;}]"
            sublogo="/content/dam/consumer-portal/logo/en/manulife-nobars.svg"
            subLogoAltText="manulife"
            textIsRich="true"/>
        <footer
            jcr:lastModified="{Date}2019-11-29T05:42:20.353-05:00"
            jcr:lastModifiedBy="admin"
            jcr:primaryType="nt:unstructured"
            sling:resourceType="manulife-global/components/structure/footer"
            copyrights="Copyright &lt;span class=&quot;aria-hidden&quot; aria-hidden=&quot;true&quot;>1999-2019&lt;/span>&lt;span class=&quot;sr-only&quot;>nineteen ninety nine to two thousand and nineteen&lt;/span> The Manufacturers Life Insurance Company"
            logoalttext="Manulife Logo"
            navLink="/content/consumer-portal/en_CA/advisors/navigation/footer"
            rightLink="/content/consumer-portal/en_CA/navigation/footer-bottom-right"/>
        <image
            jcr:primaryType="nt:unstructured"
            sling:resourceType="foundation/components/image"/>
    </jcr:content>
    <HomePage/>
    <test/>
    <TestPage2/>
    <testpage3/>
    <personal/>
    <CM-Trip-test/>
    <trip-test/>
    <Banner_test/>
    <test0/>
    <cm_trip_personal/>
    <home-page/>
    <demopage/>
</jcr:root>
