<?xml version="1.0" encoding="UTF-8"?>
<jcr:root xmlns:sling="http://sling.apache.org/jcr/sling/1.0" xmlns:cq="http://www.day.com/jcr/cq/1.0" xmlns:jcr="http://www.jcp.org/jcr/1.0" xmlns:nt="http://www.jcp.org/jcr/nt/1.0"
    jcr:primaryType="nt:unstructured"
    jcr:title="Banner Image"
    sling:resourceType="cq/gui/components/authoring/dialog"
    helpPath="https://www.adobe.com/go/aem6_2_docs_component_en#Text &amp; Image - Sightly">
    <content
        jcr:primaryType="nt:unstructured"
        sling:resourceType="granite/ui/components/foundation/container">
        <layout
            jcr:primaryType="nt:unstructured"
            sling:resourceType="granite/ui/components/foundation/layouts/tabs"
            type="nav"/>
        <items jcr:primaryType="nt:unstructured">
            <desktopimagetab
                jcr:primaryType="nt:unstructured"
                jcr:title="Desktop Banner Image Label"
                sling:resourceType="granite/ui/components/foundation/section">
                <layout
                    jcr:primaryType="nt:unstructured"
                    sling:resourceType="granite/ui/components/foundation/layouts/fixedcolumns"/>
                <items jcr:primaryType="nt:unstructured">
                    <column
                        jcr:primaryType="nt:unstructured"
                        sling:resourceType="granite/ui/components/foundation/container">
                        <items jcr:primaryType="nt:unstructured">
                            <file
                                jcr:primaryType="nt:unstructured"
                                sling:resourceType="granite/ui/components/foundation/form/fileupload"
                                allowUpload="{Boolean}false"
                                autoStart="{Boolean}false"
                                class="cq-droptarget"
                                fieldDescription="Desktop Banner Image description"
                                fieldLabel="Desktop Banner Image Label"
                                fileNameParameter="./fileName"
                                fileReferenceParameter="./desktopbannerimage"
                                mimeTypes="[image]"
                                name="./file"
                                required="{Boolean}true"
                                title="Upload Image Asset"
                                uploadUrl="${suffix.path}"
                                useHTML5="{Boolean}true"/>
                            <altdesktoplabel
                                jcr:primaryType="nt:unstructured"
                                sling:resourceType="granite/ui/components/foundation/form/textfield"
                                fieldDescription="Desktop Alt Label"
                                fieldLabel="Alt Desktop Label"
                                name="./altdesktoplabel"/>
                        </items>
                    </column>
                </items>
            </desktopimagetab>
            <mobileimagetab
                jcr:primaryType="nt:unstructured"
                jcr:title="Mobile Banner Image Label"
                sling:resourceType="granite/ui/components/foundation/section">
                <layout
                    jcr:primaryType="nt:unstructured"
                    sling:resourceType="granite/ui/components/foundation/layouts/fixedcolumns"
                    margin="{Boolean}false"/>
                <items jcr:primaryType="nt:unstructured">
                    <column
                        jcr:primaryType="nt:unstructured"
                        sling:resourceType="granite/ui/components/foundation/container">
                        <items jcr:primaryType="nt:unstructured">
                            <file
                                jcr:primaryType="nt:unstructured"
                                sling:resourceType="granite/ui/components/foundation/form/fileupload"
                                allowUpload="{Boolean}false"
                                autoStart="{Boolean}false"
                                class="cq-droptarget"
                                fieldDescription="Mobile Banner Image description"
                                fieldLabel="Mobile Banner Image Label"
                                fileNameParameter="./fileName"
                                fileReferenceParameter="./mobilebannerimage"
                                mimeTypes="[image]"
                                name="./file"
                                title="Upload Image Asset"
                                uploadUrl="${suffix.path}"
                                useHTML5="{Boolean}true"/>
                            <altmobilelabel
                                jcr:primaryType="nt:unstructured"
                                sling:resourceType="granite/ui/components/foundation/form/textfield"
                                fieldDescription="Mobile Alt Label"
                                fieldLabel="Alt Mobile Label"
                                name="./altmobilelabel"/>
                        </items>
                    </column>
                </items>
            </mobileimagetab>
            <bannerimagetext
                jcr:primaryType="nt:unstructured"
                jcr:title="Banner Image Text"
                sling:resourceType="granite/ui/components/foundation/container">
                <layout
                    jcr:primaryType="nt:unstructured"
                    sling:resourceType="granite/ui/components/foundation/layouts/fixedcolumns"/>
                <items jcr:primaryType="nt:unstructured">
                    <columns
                        jcr:primaryType="nt:unstructured"
                        sling:resourceType="granite/ui/components/foundation/container">
                        <items jcr:primaryType="nt:unstructured">
                            <bannerimagewithtext
                                jcr:primaryType="nt:unstructured"
                                sling:resourceType="granite/ui/components/foundation/form/textfield"
                                fieldDescription="Field to enter banner image text"
                                fieldLabel="Banner Image Text"
                                name="./bannerimagewithtext"/>
                            <bannerimagedesc
                                jcr:primaryType="nt:unstructured"
                                sling:resourceType="cq/gui/components/authoring/dialog/richtext"
                                fieldDescription="Field to enter banner image description"
                                fieldLabel="Banner Image Description"
                                name="./bannerImageDesc"
                                useFixedInlineToolbar="{Boolean}true">
                                <rtePlugins
                                    jcr:primaryType="nt:unstructured"
                                    sling:resourceSuperType="/apps/cm-travel/components/content/cm-rich-text/cq:dialog/content/items/text/items/column/items/text/rtePlugins"/>
                                <uiSettings
                                    jcr:primaryType="nt:unstructured"
                                    sling:resourceSuperType="/apps/cm-travel/components/content/cm-rich-text/cq:dialog/content/items/text/items/column/items/text/uiSettings"/>
                                <htmlRules
                                    jcr:primaryType="nt:unstructured"
                                    sling:resourceSuperType="/apps/cm-travel/components/content/cm-rich-text/cq:dialog/content/items/text/items/column/items/text/htmlRules"/>
                            </bannerimagedesc>
                            <divclass
                                jcr:primaryType="nt:unstructured"
                                sling:resourceType="granite/ui/components/foundation/form/select"
                                fieldLabel="Div Class"
                                name="./divclass">
                                <items jcr:primaryType="nt:unstructured">
                                    <jumbotron
                                        jcr:primaryType="nt:unstructured"
                                        text="Jumbotron"
                                        value=""/>
                                    <jumbotronsmall
                                        jcr:primaryType="nt:unstructured"
                                        text="Jumbotron Small"
                                        value="jumbotron-small"/>
                                    <jumbotronlarge
                                        jcr:primaryType="nt:unstructured"
                                        text="Jumbotron Large"
                                        value="jumbotron-large"/>
                                </items>
                            </divclass>
                        </items>
                    </columns>
                </items>
            </bannerimagetext>
        </items>
    </content>
</jcr:root>
