<?xml version="1.0" encoding="UTF-8"?>
<jcr:root xmlns:sling="http://sling.apache.org/jcr/sling/1.0" xmlns:cq="http://www.day.com/jcr/cq/1.0" xmlns:jcr="http://www.jcp.org/jcr/1.0" xmlns:nt="http://www.jcp.org/jcr/nt/1.0"
    jcr:description="Custom Footer Dialog"
    jcr:primaryType="nt:unstructured"
    jcr:title="ui.footer.maintab.label"
    sling:resourceType="cq/gui/components/authoring/dialog">
    <content
        jcr:primaryType="nt:unstructured"
        sling:resourceType="granite/ui/components/foundation/container"
        class="cq-dialog-content-page">
        <items jcr:primaryType="nt:unstructured">
            <tabs
                jcr:primaryType="nt:unstructured"
                sling:resourceType="granite/ui/components/foundation/container"
                rel="cq-siteadmin-admin-properties-tabs">
                <layout
                    jcr:primaryType="nt:unstructured"
                    sling:resourceType="granite/ui/components/foundation/layouts/tabs"
                    type="nav"/>
                <items jcr:primaryType="nt:unstructured">
                    <footer
                        cq:hideOnEdit="{Boolean}false"
                        cq:showOnCreate="{Boolean}true"
                        jcr:primaryType="nt:unstructured"
                        jcr:title="ui.footer.subtab1.label"
                        sling:resourceType="granite/ui/components/foundation/section">
                        <layout
                            jcr:primaryType="nt:unstructured"
                            sling:resourceType="granite/ui/components/foundation/layouts/fixedcolumns"
                            margin="{Boolean}false"/>
                        <items jcr:primaryType="nt:unstructured">
                            <column
                                jcr:primaryType="nt:unstructured"
                                sling:resourceType="granite/ui/components/foundation/container">
                                <items jcr:primaryType="nt:unstructured">
                                    <navigationlink
                                        cq:showOnCreate="{Boolean}true"
                                        jcr:primaryType="nt:unstructured"
                                        sling:resourceType="granite/ui/components/foundation/form/pathbrowser"
                                        fieldLabel="ui.footer.topfooterlinks.label"
                                        name="./navLink"/>
                                    <rightlink
                                        cq:showOnCreate="{Boolean}true"
                                        jcr:primaryType="nt:unstructured"
                                        sling:resourceType="granite/ui/components/foundation/form/pathbrowser"
                                        fieldLabel="ui.footer.bottomleftlinks.label"
                                        name="./rightLink"/>
                                    <logoimage
                                        jcr:primaryType="nt:unstructured"
                                        sling:resourceType="granite/ui/components/foundation/form/fileupload"
                                        autoStart="{Boolean}false"
                                        class="cq-droptarget"
                                        fieldLabel="ui.footer.logo.label"
                                        fileReferenceParameter="./logoimage"
                                        mimeTypes="[image]"
                                        multiple="{Boolean}false"
                                        title="ui.footer.upload.label"
                                        uploadUrl="${suffix.path}"
                                        useHTML5="{Boolean}true"/>
                                    <logolink
                                        jcr:primaryType="nt:unstructured"
                                        sling:resourceType="granite/ui/components/foundation/form/pathbrowser"
                                        fieldLabel="Select logo link"
                                        name="./logoLink"/>
                                    <logoalttext
                                        jcr:primaryType="nt:unstructured"
                                        sling:resourceType="granite/ui/components/foundation/form/textfield"
                                        fieldDescription="ui.footer.logo.alt.label"
                                        fieldLabel="ui.footer.logo.alt.desc.label"
                                        name="./logoalttext"/>
                                    <copyrights
                                        jcr:primaryType="nt:unstructured"
                                        sling:resourceType="granite/ui/components/foundation/form/textfield"
                                        fieldDescription="ui.footer.copy.rights.desc.label"
                                        fieldLabel="ui.footer.copy.rights.label"
                                        name="./copyrights"/>
                                </items>
                            </column>
                        </items>
                    </footer>
                    <socialmedia
                        cq:hideOnEdit="{Boolean}false"
                        cq:showOnCreate="{Boolean}true"
                        jcr:primaryType="nt:unstructured"
                        jcr:title="ui.footer.subtab2.label"
                        sling:resourceType="granite/ui/components/foundation/section">
                        <layout
                            jcr:primaryType="nt:unstructured"
                            sling:resourceType="granite/ui/components/foundation/layouts/fixedcolumns"
                            margin="{Boolean}false"/>
                        <items jcr:primaryType="nt:unstructured">
                            <column
                                jcr:primaryType="nt:unstructured"
                                sling:resourceType="granite/ui/components/foundation/container">
                                <items jcr:primaryType="nt:unstructured">
                                    <title
                                        jcr:primaryType="nt:unstructured"
                                        sling:resourceType="granite/ui/components/foundation/form/textfield"
                                        fieldDescription="ui.footer.socialmedial.title.alttext"
                                        fieldLabel="ui.footer.socialmedial.title"
                                        name="./socialMediaTitle"/>
                                    <options
                                        jcr:primaryType="nt:unstructured"
                                        sling:resourceType="granite/ui/components/foundation/form/multifield"
                                        class="foundation-layout-util-maximized-alt">
                                        <field
                                            jcr:primaryType="nt:unstructured"
                                            sling:resourceType="granite/ui/components/foundation/form/fieldset"
                                            acs-commons-nested=""
                                            name="./socialMediaLinks">
                                            <layout
                                                jcr:primaryType="nt:unstructured"
                                                sling:resourceType="granite/ui/components/foundation/layouts/fixedcolumns"
                                                method="absolute"/>
                                            <items jcr:primaryType="nt:unstructured">
                                                <column
                                                    jcr:primaryType="nt:unstructured"
                                                    sling:resourceType="granite/ui/components/foundation/container">
                                                    <items jcr:primaryType="nt:unstructured">
                                                        <social-media-icons
                                                            jcr:primaryType="nt:unstructured"
                                                            sling:resourceType="granite/ui/components/foundation/form/select"
                                                            fieldLabel="ui.footer.social.media.label"
                                                            name="./socialMediaIcon">
                                                            <items jcr:primaryType="nt:unstructured">
                                                                <facebook
                                                                    jcr:primaryType="nt:unstructured"
                                                                    text="Facebook"
                                                                    value="social__icon--fb"/>
                                                                <twitter
                                                                    jcr:primaryType="nt:unstructured"
                                                                    text="Twitter"
                                                                    value="social__icon--tw"/>
                                                                <instagram
                                                                    jcr:primaryType="nt:unstructured"
                                                                    text="Instagram"
                                                                    value="social__icon--instagram"/>
                                                                <linkedin
                                                                    jcr:primaryType="nt:unstructured"
                                                                    text="Linkedin"
                                                                    value="social__icon--linkin"/>
                                                                <youtube
                                                                    jcr:primaryType="nt:unstructured"
                                                                    text="Youtube"
                                                                    value="social__icon--youtube"/>
                                                            </items>
                                                        </social-media-icons>
                                                        <page
                                                            jcr:primaryType="nt:unstructured"
                                                            sling:resourceType="granite/ui/components/foundation/form/textfield"
                                                            fieldLabel="ui.footer.social.media.link.label"
                                                            name="./socialLink"/>
                                                        <arialabel
                                                            jcr:primaryType="nt:unstructured"
                                                            sling:resourceType="granite/ui/components/foundation/form/textfield"
                                                            fieldLabel="ui.footer.social.media.aria.label"
                                                            name="./socialAriaLabel"/>
                                                    </items>
                                                </column>
                                            </items>
                                        </field>
                                    </options>
                                </items>
                            </column>
                        </items>
                    </socialmedia>
                </items>
            </tabs>
        </items>
    </content>
</jcr:root>
