<?xml version="1.0" encoding="UTF-8"?>
<jcr:root xmlns:sling="http://sling.apache.org/jcr/sling/1.0" xmlns:cq="http://www.day.com/jcr/cq/1.0" xmlns:jcr="http://www.jcp.org/jcr/1.0" xmlns:nt="http://www.jcp.org/jcr/nt/1.0"
    jcr:primaryType="cq:Page">
    <jcr:content
        cq:lastModified="{Date}2020-02-18T06:22:12.564-05:00"
        cq:lastModifiedBy="admin"
        cq:template="/apps/cm-trip-b2c/templates/homepage"
        jcr:primaryType="cq:PageContent"
        jcr:title="CM Trip"
        sling:resourceType="/apps/cm-trip-b2c/components/page/homepage">
        <header
            jcr:lastModified="{Date}2019-12-11T05:51:57.958-05:00"
            jcr:lastModifiedBy="admin"
            jcr:primaryType="nt:unstructured"
            sling:resourceType="cm-trip-b2c/components/structure/header"
            contactus="Contact us"
            contactUsLink="/content/consumer-portal/en_CA/personal/support/contact-us"
            leftmenu="[{&quot;menuType&quot;:&quot;text&quot;\,&quot;menuLabelText&quot;:&quot;Personal&quot;\,&quot;menuLabelIcon&quot;:&quot;&quot;\,&quot;menuLink&quot;:&quot;/content/consumer-portal/en_CA/personal&quot;\,&quot;searchLink&quot;:&quot;/content/consumer-portal/en_CA/personal/search-results&quot;},{&quot;menuType&quot;:&quot;text&quot;\,&quot;menuLabelText&quot;:&quot;Business&quot;\,&quot;menuLabelIcon&quot;:&quot;&quot;\,&quot;menuLink&quot;:&quot;/content/consumer-portal/en_CA/business&quot;\,&quot;searchLink&quot;:&quot;/content/consumer-portal/en_CA/business&quot;}]"
            menu1title="For advisors"
            menu2title="For personal clients"
            menu3title="For Business Clients"
            menus="[{&quot;menuname&quot;:&quot;Personal&quot;\,&quot;logoLink&quot;:&quot;&quot;\,&quot;menuLink&quot;:&quot;/content/consumer-portal/en_CA/personal&quot;},{&quot;menuname&quot;:&quot;Business&quot;\,&quot;logoLink&quot;:&quot;&quot;\,&quot;menuLink&quot;:&quot;/content/consumer-portal/en_CA/business&quot;}]"
            mobileLogo_zindex1="/content/dam/consumer-portal/logo/en/manulife_wordmark_black.svg"
            rightmenu="\{&quot;menuLabelIcon&quot;:&quot;/content/dam/manulife-bank/en_ca/icons/functional/icon-contact.svg&quot;,&quot;menuLink&quot;:&quot;http://www.manulife.com&quot;,&quot;menuLabelText&quot;:&quot;/content/consumer-portal/en_CA/personal/support/contact-us.html&quot;}"
            searchLabel="Search"
            searchLink="/content/consumer-portal/en_CA/search-results"
            signInDirText="Sign in"
            signInMenuCheck="true"
            signInMobileLogo="/content/dam/consumer-portal/logo/en/manulife_wordmark_white.svg">
            <menu1Submenu jcr:primaryType="nt:unstructured">
                <item0
                    jcr:primaryType="nt:unstructured"
                    item1label="Repsource"
                    item1NewTab="true"
                    item1url="http://www.manulife.ca/repsource"/>
                <item1
                    jcr:primaryType="nt:unstructured"
                    item1label="Group retirement"
                    item1NewTab="true"
                    item1url="https://grsprpp.manulife.com/wps/PA_PRPPWeb/prpp/login/webLogin.jsp?prppDetails=N+ndwG4kBS+CF1Fj3/RX5yIkEQsjUO3S8DAPsMWKLbG6pcyKDpQrRyoGXrf06iib7G7H/32x5u36o7CU3G0r9BGqmrfhlHCP"/>
                <item2
                    jcr:primaryType="nt:unstructured"
                    item1label="VIP Room"
                    item1NewTab="true"
                    item1url="https://viproom.manulife.com/portal/open/login.do?language=1"/>
            </menu1Submenu>
            <menu2Submenu jcr:primaryType="nt:unstructured">
                <item0
                    jcr:primaryType="nt:unstructured"
                    item2label="See Sign in options"
                    item2NewTab="false"
                    item2url="/content/consumer-portal/en_CA/personal/sign-in.html"/>
            </menu2Submenu>
            <menu3Submenu jcr:primaryType="nt:unstructured">
                <item0
                    jcr:primaryType="nt:unstructured"
                    item3label="See Sign in options"
                    item3NewTab="false"
                    item3url="/content/consumer-portal/en_CA/business/sign-in.html"/>
            </menu3Submenu>
        </header>
        <nav
            jcr:lastModified="{Date}2020-02-18T06:22:12.558-05:00"
            jcr:lastModifiedBy="admin"
            jcr:primaryType="nt:unstructured"
            sling:resourceType="manulife-global/components/common/navmenu"
            alttext="manulife"
            label="Manulife"
            logo="/content/dam/manulife-bank/en_ca/icons/logo.svg"
            menus="[{&quot;menuname&quot;:&quot;Personal&quot;\,&quot;logoLink&quot;:&quot;/content/cm-trip/en_CA/home-page&quot;\,&quot;menuLink&quot;:&quot;/content/cm-trip/en_CA/home-page&quot;},{&quot;menuname&quot;:&quot;Business&quot;\,&quot;logoLink&quot;:&quot;/content/consumer-portal/en_CA/personal&quot;\,&quot;menuLink&quot;:&quot;/content/consumer-portal/en_CA/personal&quot;},{&quot;menuname&quot;:&quot;Advisors&quot;\,&quot;logoLink&quot;:&quot;/content/consumer-portal/en_CA/personal&quot;\,&quot;menuLink&quot;:&quot;/content/consumer-portal/en_CA/personal&quot;}]"
            sublogo="/content/dam/manulife-bank/en_ca/images/sub-menu-logo.png"
            subLogoAltText="manulife"
            textIsRich="true"/>
        <footer
            jcr:lastModified="{Date}2020-01-03T05:07:08.924-05:00"
            jcr:lastModifiedBy="admin"
            jcr:primaryType="nt:unstructured"
            sling:resourceType="manulife-global/components/structure/footer"
            logoalttext="Manulife Logo"
            logoLink="/content/consumer-portal/en_CA/personal"
            navLink="/content/consumer-portal/en_CA/navigation/footer"
            rightLink="/content/consumer-portal/en_CA/navigation/footer-bottom-right"/>
    </jcr:content>
    <en_CA/>
    <fr_CA/>
</jcr:root>
