<?xml version="1.0" encoding="UTF-8"?>
<jcr:root xmlns:sling="http://sling.apache.org/jcr/sling/1.0" xmlns:cq="http://www.day.com/jcr/cq/1.0" xmlns:jcr="http://www.jcp.org/jcr/1.0" xmlns:rep="internal"
    jcr:mixinTypes="[rep:AccessControllable]"
    jcr:primaryType="sling:OrderedFolder">
    <rep:policy/>
    <dam/>
    <campaigns/>
    <projects/>
    <experience-fragments/>
    <cq:tags/>
    <usergenerated/>
    <core-components-examples/>
    <launches/>
    <communities/>
    <sites/>
    <forms/>
    <catalogs/>
    <screens/>
    <community/>
    <community-components/>
    <we-retail/>
    <wknd-events/>
    <affinity/>
    <cm-travel/>
    <cm-travel-b2b/>
    <cmt-trip-b2b/>
    <consumer-portal/>
    <cm-trip/>
    <afftravel/>
    <solr/>
    <phonegap/>
    <mobileapps/>
    <publications/>
</jcr:root>
