<?xml version="1.0" encoding="UTF-8"?>
<jcr:root xmlns:sling="http://sling.apache.org/jcr/sling/1.0" xmlns:cq="http://www.day.com/jcr/cq/1.0" xmlns:jcr="http://www.jcp.org/jcr/1.0" xmlns:nt="http://www.jcp.org/jcr/nt/1.0"
    jcr:primaryType="nt:unstructured"
    jcr:title="Contact Us"
    sling:resourceType="cq/gui/components/authoring/dialog"
    helpPath="en/cq/current/wcm/default_components.html#Text">
    <content
        jcr:primaryType="nt:unstructured"
        sling:resourceType="granite/ui/components/foundation/container">
        <layout
            jcr:primaryType="nt:unstructured"
            sling:resourceType="granite/ui/components/foundation/layouts/fixedcolumns"
            margin="{Boolean}false"
            type="nav"/>
        <items jcr:primaryType="nt:unstructured">
            <column
                jcr:primaryType="nt:unstructured"
                sling:resourceType="granite/ui/components/foundation/container">
                <items jcr:primaryType="nt:unstructured">
                    <mode
                        jcr:primaryType="nt:unstructured"
                        sling:resourceType="granite/ui/components/foundation/form/select"
                        fieldLabel="Desktop/Mobile"
                        name="./mode">
                        <items jcr:primaryType="nt:unstructured">
                            <option1
                                jcr:primaryType="nt:unstructured"
                                text="Desktop"
                                value="desktop"/>
                            <option2
                                jcr:primaryType="nt:unstructured"
                                text="Mobile"
                                value="mobile"/>
                        </items>
                    </mode>
                    <contactus
                        jcr:primaryType="nt:unstructured"
                        sling:resourceType="granite/ui/components/foundation/form/textfield"
                        fieldDescription="Provide Contact Us Label"
                        fieldLabel="Contact Us Label"
                        name="./contactus"
                        required="{Boolean}true"/>
                    <calllabel
                        jcr:primaryType="nt:unstructured"
                        sling:resourceType="granite/ui/components/foundation/form/textfield"
                        fieldDescription="Provide Call Label"
                        fieldLabel="Call Label"
                        name="./calllabel"
                        required="{Boolean}true"/>
                    <emaillabel
                        jcr:primaryType="nt:unstructured"
                        sling:resourceType="granite/ui/components/foundation/form/textfield"
                        fieldDescription="Provide Email Label"
                        fieldLabel="Email Label"
                        name="./emaillabel"
                        required="{Boolean}true"/>
                    <emailsubject
                        jcr:primaryType="nt:unstructured"
                        sling:resourceType="granite/ui/components/foundation/form/textfield"
                        fieldDescription="Provide Email Subject Line"
                        fieldLabel="Email Subject Line"
                        name="./emailsubject"
                        required="{Boolean}true"/>
                    <contacthours
                        jcr:primaryType="nt:unstructured"
                        sling:resourceType="granite/ui/components/foundation/form/textarea"
                        fieldDescription="Provide ContactUS Hours. Support HTML tags"
                        fieldLabel="ContactUS Hours"
                        name="./contacthours"
                        required="{Boolean}false"/>
                </items>
            </column>
        </items>
    </content>
</jcr:root>
