<?xml version="1.0" encoding="UTF-8"?>
<jcr:root xmlns:sling="http://sling.apache.org/jcr/sling/1.0" xmlns:cq="http://www.day.com/jcr/cq/1.0" xmlns:jcr="http://www.jcp.org/jcr/1.0" xmlns:nt="http://www.jcp.org/jcr/nt/1.0"
    jcr:primaryType="nt:unstructured"
    jcr:title="Column Divider"
    sling:resourceType="cq/gui/components/authoring/dialog">
    <content
        jcr:primaryType="nt:unstructured"
        sling:resourceType="granite/ui/components/foundation/container">
        <layout
            jcr:primaryType="nt:unstructured"
            sling:resourceType="granite/ui/components/foundation/layouts/fixedcolumns"/>
        <items jcr:primaryType="nt:unstructured">
            <columns
                jcr:primaryType="nt:unstructured"
                sling:resourceType="granite/ui/components/foundation/container">
                <items jcr:primaryType="nt:unstructured">
                    <columnlayout
                        jcr:primaryType="nt:unstructured"
                        sling:resourceType="granite/ui/components/foundation/form/select"
                        class="full-width"
                        fieldDescription="Field to select the Columns for Column Divider"
                        fieldLabel="Column Divider Number of Columns"
                        name="./numCol">
                        <items jcr:primaryType="nt:unstructured">
                            <col6-6
                                jcr:primaryType="nt:unstructured"
                                text="2 Column(50%-50%)"
                                value="2"/>
                            <col4-4-4
                                jcr:primaryType="nt:unstructured"
                                text="3 Column(33.33%-33.33%-33.33%)"
                                value="3"/>
                            <col8-4
                                jcr:primaryType="nt:unstructured"
                                text="2 Column(75%-25%)"
                                value="8-4"/>
                            <col3-3-3-3
                                jcr:primaryType="nt:unstructured"
                                text="4 Column(25%-25%-25%-25%))"
                                value="4"/>
                        </items>
                    </columnlayout>
                </items>
            </columns>
        </items>
    </content>
</jcr:root>
