<?xml version="1.0" encoding="UTF-8"?>
<jcr:root xmlns:sling="http://sling.apache.org/jcr/sling/1.0" xmlns:cq="http://www.day.com/jcr/cq/1.0" xmlns:jcr="http://www.jcp.org/jcr/1.0" xmlns:nt="http://www.jcp.org/jcr/nt/1.0"
    jcr:primaryType="nt:unstructured"
    jcr:title="Page"
    sling:resourceType="cq/gui/components/authoring/dialog"
    mode="edit">
    <content
        jcr:primaryType="nt:unstructured"
        sling:resourceType="granite/ui/components/foundation/container"
        class="cq-dialog-content-page">
        <items jcr:primaryType="nt:unstructured">
            <tabs
                jcr:primaryType="nt:unstructured"
                sling:resourceType="granite/ui/components/foundation/container"
                rel="cq-siteadmin-admin-properties-tabs">
                <layout
                    jcr:primaryType="nt:unstructured"
                    sling:resourceType="granite/ui/components/foundation/layouts/tabs"
                    type="nav"/>
                <items jcr:primaryType="nt:unstructured">
                    <emergencymsg
                        jcr:primaryType="nt:unstructured"
                        jcr:title="ui.emergency.messages"
                        sling:resourceType="granite/ui/components/foundation/section">
                        <layout
                            jcr:primaryType="nt:unstructured"
                            sling:resourceType="granite/ui/components/foundation/layouts/fixedcolumns"
                            margin="{Boolean}false"/>
                        <items jcr:primaryType="nt:unstructured">
                            <column
                                jcr:primaryType="nt:unstructured"
                                sling:resourceType="granite/ui/components/foundation/container">
                                <items jcr:primaryType="nt:unstructured">
                                    <emergencyMsg1
                                        cq:showOnCreate="{Boolean}false"
                                        jcr:primaryType="nt:unstructured"
                                        sling:resourceType="manulife-global/components/content/rich-text/authoring"
                                        cq-msm-lockable="emergencyMessage1"
                                        fieldDescription="ui.emergency.messages.alertMsgDescription"
                                        fieldLabel="ui.emergency.messages.alertMsg1"
                                        name="./emergencyMessage1"
                                        removeSingleParagraphContainer="{Boolean}true"
                                        useFixedInlineToolbar="{Boolean}true"/>
                                    <emergencyMsg2
                                        cq:showOnCreate="{Boolean}false"
                                        jcr:primaryType="nt:unstructured"
                                        sling:resourceType="manulife-global/components/content/rich-text/authoring"
                                        cq-msm-lockable="emergencyMessage2"
                                        fieldDescription="ui.emergency.messages.alertMsgDescription"
                                        fieldLabel="ui.emergency.messages.alertMsg2"
                                        name="./emergencyMessage2"
                                        removeSingleParagraphContainer="{Boolean}true"
                                        useFixedInlineToolbar="{Boolean}true"/>
                                </items>
                            </column>
                        </items>
                    </emergencymsg>
                    <templatestyle
                        jcr:primaryType="nt:unstructured"
                        jcr:title="Template Style"
                        sling:resourceType="granite/ui/components/foundation/section">
                        <layout
                            jcr:primaryType="nt:unstructured"
                            sling:resourceType="granite/ui/components/foundation/layouts/fixedcolumns"
                            margin="{Boolean}false"/>
                        <items jcr:primaryType="nt:unstructured">
                            <column
                                jcr:primaryType="nt:unstructured"
                                sling:resourceType="granite/ui/components/foundation/container">
                                <items jcr:primaryType="nt:unstructured">
                                    <templateType
                                        jcr:primaryType="nt:unstructured"
                                        sling:resourceType="granite/ui/components/foundation/form/select"
                                        fieldLabel="Select the Template type"
                                        name="./templateVariationType">
                                        <items jcr:primaryType="nt:unstructured">
                                            <var1
                                                jcr:primaryType="nt:unstructured"
                                                text="Default Templates"
                                                value="default"/>
                                            <var2
                                                jcr:primaryType="nt:unstructured"
                                                text="ABM Locator Template"
                                                value="abmLocator"/>
                                            <var3
                                                jcr:primaryType="nt:unstructured"
                                                text="Find an Advisor Template"
                                                value="findAdvisor"/>
                                            <var4
                                                jcr:primaryType="nt:unstructured"
                                                text="M 1 - Homebuy"
                                                value="mOneCalcHomebuy"/>
                                            <var5
                                                jcr:primaryType="nt:unstructured"
                                                text="M 1 - Renew"
                                                value="mOneCalcMortgage"/>
                                            <var6
                                                jcr:primaryType="nt:unstructured"
                                                text="M 1 - Equity"
                                                value="mOneCalcEquity"/>
                                        </items>
                                    </templateType>
                                </items>
                            </column>
                        </items>
                    </templatestyle>
                </items>
            </tabs>
        </items>
    </content>
</jcr:root>
