<?xml version="1.0" encoding="UTF-8"?>
<jcr:root xmlns:sling="http://sling.apache.org/jcr/sling/1.0" xmlns:cq="http://www.day.com/jcr/cq/1.0" xmlns:jcr="http://www.jcp.org/jcr/1.0" xmlns:nt="http://www.jcp.org/jcr/nt/1.0"
    jcr:primaryType="nt:unstructured"
    jcr:title="Banner Image With Text"
    sling:resourceType="cq/gui/components/authoring/dialog"
    helpPath="https://www.adobe.com/go/aem6_2_docs_component_en#Text &amp; Image - Sightly">
    <content
        jcr:primaryType="nt:unstructured"
        sling:resourceType="granite/ui/components/foundation/container">
        <layout
            jcr:primaryType="nt:unstructured"
            sling:resourceType="granite/ui/components/foundation/layouts/tabs"
            type="nav"/>
        <items jcr:primaryType="nt:unstructured">
            <bannerimage
                jcr:primaryType="nt:unstructured"
                jcr:title="Banner Image"
                sling:resourceType="granite/ui/components/foundation/section">
                <layout
                    jcr:primaryType="nt:unstructured"
                    sling:resourceType="granite/ui/components/foundation/layouts/fixedcolumns"/>
                <items jcr:primaryType="nt:unstructured">
                    <column
                        jcr:primaryType="nt:unstructured"
                        sling:resourceType="granite/ui/components/foundation/container">
                        <items jcr:primaryType="nt:unstructured">
                            <file
                                jcr:primaryType="nt:unstructured"
                                sling:resourceType="granite/ui/components/foundation/form/fileupload"
                                allowUpload="{Boolean}false"
                                autoStart="{Boolean}false"
                                class="cq-droptarget"
                                fieldDescription="Field to drag and drop Banner Image"
                                fieldLabel="Banner Image"
                                fileNameParameter="./fileName"
                                fileReferenceParameter="./bannerimage"
                                mimeTypes="[image]"
                                name="./file"
                                required="{Boolean}true"
                                title="Upload Image Asset"
                                uploadUrl="${suffix.path}"
                                useHTML5="{Boolean}true"/>
                            <alttext
                                jcr:primaryType="nt:unstructured"
                                sling:resourceType="granite/ui/components/foundation/form/textfield"
                                fieldDescription="Field to enter banner image alt text"
                                fieldLabel="Banner Image Alt text"
                                name="./alttext"
                                value="image description"/>
                        </items>
                    </column>
                </items>
            </bannerimage>
            <bannerimagewithtext
                jcr:primaryType="nt:unstructured"
                jcr:title="Banner Image With Text"
                sling:resourceType="granite/ui/components/foundation/container">
                <layout
                    jcr:primaryType="nt:unstructured"
                    sling:resourceType="granite/ui/components/foundation/layouts/fixedcolumns"/>
                <items jcr:primaryType="nt:unstructured">
                    <columns
                        jcr:primaryType="nt:unstructured"
                        sling:resourceType="granite/ui/components/foundation/container">
                        <items jcr:primaryType="nt:unstructured">
                            <bannerimagewithtext
                                jcr:primaryType="nt:unstructured"
                                sling:resourceType="cq/gui/components/authoring/dialog/richtext"
                                fieldDescription="Field to enter banner image text"
                                fieldLabel="Banner Image Text"
                                name="./bannerimagewithtext"
                                useFixedInlineToolbar="{Boolean}true">
                                <rtePlugins
                                    jcr:primaryType="nt:unstructured"
                                    sling:resourceSuperType="/apps/cm-travel/components/content/cm-rich-text/cq:dialog/content/items/text/items/column/items/text/rtePlugins"/>
                                <uiSettings
                                    jcr:primaryType="nt:unstructured"
                                    sling:resourceSuperType="/apps/cm-travel/components/content/cm-rich-text/cq:dialog/content/items/text/items/column/items/text/uiSettings"/>
                                <htmlRules
                                    jcr:primaryType="nt:unstructured"
                                    sling:resourceSuperType="/apps/cm-travel/components/content/cm-rich-text/cq:dialog/content/items/text/items/column/items/text/htmlRules"/>
                            </bannerimagewithtext>
                        </items>
                    </columns>
                </items>
            </bannerimagewithtext>
        </items>
    </content>
</jcr:root>
