<?xml version="1.0" encoding="UTF-8"?>
<jcr:root xmlns:sling="http://sling.apache.org/jcr/sling/1.0" xmlns:cq="http://www.day.com/jcr/cq/1.0" xmlns:jcr="http://www.jcp.org/jcr/1.0" xmlns:nt="http://www.jcp.org/jcr/nt/1.0" xmlns:rep="internal"
    jcr:mixinTypes="[rep:AccessControllable]"
    jcr:primaryType="cq:Page">
    <rep:policy/>
    <wcm jcr:primaryType="nt:unstructured">
        <foundation jcr:primaryType="nt:unstructured">
            <components jcr:primaryType="nt:unstructured">
                <responsivegrid jcr:primaryType="nt:unstructured">
                    <policy_236915598558700
                        jcr:description="This is specifically for editable templates"
                        jcr:lastModified="{Date}2019-12-09T08:57:39.911-05:00"
                        jcr:lastModifiedBy="admin"
                        jcr:primaryType="nt:unstructured"
                        jcr:title="CM Trip editable"
                        sling:resourceType="wcm/core/components/policy/policy"
                        components="[group:CM-Trip,group:CMM-HD]">
                        <jcr:content jcr:primaryType="nt:unstructured"/>
                    </policy_236915598558700>
                    <policy_301711838491700
                        jcr:description="This is the first cm trip related policy"
                        jcr:lastModified="{Date}2019-12-10T04:31:24.709-05:00"
                        jcr:lastModifiedBy="admin"
                        jcr:primaryType="nt:unstructured"
                        jcr:title="CM Trip First policy"
                        sling:resourceType="wcm/core/components/policy/policy"
                        components="[group:CM-Travel,group:CM-Trip,group:CMM-HD,group:CMT-Commons]">
                        <jcr:content jcr:primaryType="nt:unstructured"/>
                    </policy_301711838491700>
                </responsivegrid>
            </components>
        </foundation>
    </wcm>
</jcr:root>
