<?xml version="1.0" encoding="UTF-8"?>
<jcr:root xmlns:sling="http://sling.apache.org/jcr/sling/1.0" xmlns:cq="http://www.day.com/jcr/cq/1.0" xmlns:jcr="http://www.jcp.org/jcr/1.0" xmlns:nt="http://www.jcp.org/jcr/nt/1.0"
    jcr:primaryType="nt:unstructured"
    jcr:title="Plan table"
    sling:resourceType="cq/gui/components/authoring/dialog"
    helpPath="en/cq/current/wcm/default_components.html#Text">
    <content
        jcr:primaryType="nt:unstructured"
        sling:resourceType="granite/ui/components/foundation/container">
        <layout
            jcr:primaryType="nt:unstructured"
            sling:resourceType="granite/ui/components/foundation/layouts/tabs"
            type="nav"/>
        <items jcr:primaryType="nt:unstructured">
            <singletriptab
                jcr:primaryType="nt:unstructured"
                jcr:title="Tab 1"
                sling:resourceType="granite/ui/components/foundation/container">
                <layout
                    jcr:primaryType="nt:unstructured"
                    sling:resourceType="granite/ui/components/foundation/layouts/fixedcolumns"/>
                <items jcr:primaryType="nt:unstructured">
                    <columns
                        jcr:primaryType="nt:unstructured"
                        sling:resourceType="granite/ui/components/foundation/container">
                        <items jcr:primaryType="nt:unstructured">
                            <tablabel
                                jcr:primaryType="nt:unstructured"
                                sling:resourceType="granite/ui/components/foundation/form/textfield"
                                fieldDescription="CTA Button Label Description"
                                fieldLabel="Tab1 Label"
                                name="./tabonelabel"/>
                            <singletripmulti
                                jcr:primaryType="nt:unstructured"
                                sling:resourceType="granite/ui/components/foundation/form/multifield"
                                aem-composit-multifield=""
                                class="full-width"
                                fieldLabel="Add Single trip details"
                                name="./cmulti">
                                <field
                                    jcr:primaryType="nt:unstructured"
                                    sling:resourceType="granite/ui/components/foundation/form/fieldset"
                                    acs-commons-nested="JSON_STORE"
                                    name="./singletrip">
                                    <layout
                                        jcr:primaryType="nt:unstructured"
                                        sling:resouceType="granite/ui/components/foundation/layouts/fixedcolumns"
                                        method="absolute"/>
                                    <items jcr:primaryType="nt:unstructured">
                                        <column
                                            jcr:primaryType="nt:unstructured"
                                            sling:resourceType="granite/ui/components/foundation/container">
                                            <items jcr:primaryType="nt:unstructured">
                                                <tags
                                                    cq:showOnCreate="{Boolean}true"
                                                    jcr:primaryType="nt:unstructured"
                                                    sling:resourceType="cq/gui/components/common/tagspicker"
                                                    allowCreate="{Boolean}true"
                                                    fieldDescription="Tag description"
                                                    fieldLabel="Tags"
                                                    name="./tags"
                                                    rootPath="/content/cq:tags"/>
                                                <table
                                                    jcr:primaryType="nt:unstructured"
                                                    sling:resourceType="granite/ui/components/foundation/form/textarea"
                                                    fieldDescription="Field to enter table HTML"
                                                    fieldLabel="Table Container"
                                                    name="./singletriptable"/>
                                            </items>
                                        </column>
                                    </items>
                                </field>
                            </singletripmulti>
                        </items>
                    </columns>
                </items>
            </singletriptab>
            <multitriptab
                jcr:primaryType="nt:unstructured"
                jcr:title="Tab 2"
                sling:resourceType="granite/ui/components/foundation/container">
                <layout
                    jcr:primaryType="nt:unstructured"
                    sling:resourceType="granite/ui/components/foundation/layouts/fixedcolumns"/>
                <items jcr:primaryType="nt:unstructured">
                    <columns
                        jcr:primaryType="nt:unstructured"
                        sling:resourceType="granite/ui/components/foundation/container">
                        <items jcr:primaryType="nt:unstructured">
                            <tablabel
                                jcr:primaryType="nt:unstructured"
                                sling:resourceType="granite/ui/components/foundation/form/textfield"
                                fieldDescription="CTA Button Label Description"
                                fieldLabel="Tab2 Label"
                                name="./tabtwolabel"/>
                            <multitripmulti
                                jcr:primaryType="nt:unstructured"
                                sling:resourceType="granite/ui/components/foundation/form/multifield"
                                aem-composit-multifield=""
                                class="full-width"
                                fieldLabel="Add Multi trip details"
                                name="./cmulti">
                                <field
                                    jcr:primaryType="nt:unstructured"
                                    sling:resourceType="granite/ui/components/foundation/form/fieldset"
                                    acs-commons-nested="JSON_STORE"
                                    name="./multitrip">
                                    <layout
                                        jcr:primaryType="nt:unstructured"
                                        sling:resouceType="granite/ui/components/foundation/layouts/fixedcolumns"
                                        method="absolute"/>
                                    <items jcr:primaryType="nt:unstructured">
                                        <column
                                            jcr:primaryType="nt:unstructured"
                                            sling:resourceType="granite/ui/components/foundation/container">
                                            <items jcr:primaryType="nt:unstructured">
                                                <tags
                                                    cq:showOnCreate="{Boolean}true"
                                                    jcr:primaryType="nt:unstructured"
                                                    sling:resourceType="cq/gui/components/common/tagspicker"
                                                    allowCreate="{Boolean}true"
                                                    fieldDescription="Tag description"
                                                    fieldLabel="Tags"
                                                    name="./tags"
                                                    rootPath="/content/cq:tags"/>
                                                <table
                                                    jcr:primaryType="nt:unstructured"
                                                    sling:resourceType="granite/ui/components/foundation/form/textarea"
                                                    fieldDescription="Field to enter table HTML"
                                                    fieldLabel="Table Container"
                                                    name="./multitriptable"/>
                                            </items>
                                        </column>
                                    </items>
                                </field>
                            </multitripmulti>
                        </items>
                    </columns>
                </items>
            </multitriptab>
        </items>
    </content>
</jcr:root>
